{"N": 1, "S": -1, "E": 0, "W": 0, "NW": 1.4142135623730951, "NE": 1.4142135623730951, "SE": -1.4142135623730951, "SW": -1.4142135623730951, "NNW": 0.9238795325112867, "NNE": 0.9238795325112867, "ENE": 0.3826834323650898, "WNW": 0.3826834323650898, "ESE": -0.3826834323650898, "SSE": -0.9238795325112867, "SSW": -0.9238795325112867, "WSW": -0.3826834323650898}