{"N": 0, "S": 0, "E": 1, "W": -1, "NW": 1.4142135623730951, "NE": -1.4142135623730951, "SE": 1.4142135623730951, "SW": -1.4142135623730951, "NNW": -0.3826834323650897, "NNE": 0.38268343236508984, "ENE": 0.9238795325112867, "WNW": -0.9238795325112867, "ESE": 0.9238795325112867, "SSE": 0.38268343236508984, "SSW": -0.3826834323650897, "WSW": -0.9238795325112867}